{"cameraMode":{"drawMode":0,"name":"Shaded","section":"Shading Mode"},"sceneLighting":true,"audioPlay":false,"sceneViewState":{"m_AlwaysRefresh":false,"showFog":true,"showSkybox":true,"showFlares":true,"showImageEffects":true,"showParticleSystems":true,"showVisualEffectGraphs":true,"m_FxEnabled":true},"in2DMode":false,"pivot":{"x":-0.00005927287566009909,"y":1.7431319952011109,"z":0.000009387084901391063},"rotation":{"x":0.007541475351899862,"y":0.9918110966682434,"z":-0.10633964836597443,"w":0.07033901661634445},"size":2.752765417098999,"orthographic":false}